{
    "images": [
        {
            "id": "{2502e64b-9346-4f15-b14b-dbac0d1ba76b}",
            "name": "mchpLogo_small",
            "type": "RGB"
        },
        {
            "id": "{0df34157-f8e8-4ab4-8888-d2c8f4b48188}",
            "name": "MHGS_logo_smaller",
            "type": "RGB"
        },
        {
            "id": "{f39d4357-ded8-4635-9092-9a7f21c60c34}",
            "name": "QuickstartDown_WQVGA",
            "type": "RGB"
        },
        {
            "id": "{7ca1ff9e-a740-4896-b978-8a08e232753f}",
            "name": "QuickstartUp_WQVGA",
            "type": "RGB"
        }
    ],
    "paths": [
    ]
}
