{
    "bindings": [
        {
            "font": "{13efe646-b8a8-4d1a-b5f1-c895a8a87873}",
            "language": "{8f4a82b4-e49a-4628-bf0f-43d8069f3997}",
            "string": "{2389d218-f54f-4c04-9b12-b044cc7b5525}"
        },
        {
            "font": "{13efe646-b8a8-4d1a-b5f1-c895a8a87873}",
            "language": "{8f4a82b4-e49a-4628-bf0f-43d8069f3997}",
            "string": "{98c7602c-6d1b-4a30-bad7-824410451118}"
        },
        {
            "font": "{13efe646-b8a8-4d1a-b5f1-c895a8a87873}",
            "language": "{8f4a82b4-e49a-4628-bf0f-43d8069f3997}",
            "string": "{a274b812-aa0d-4d2f-a863-1aa0479430d1}"
        }
    ],
    "defaultLanguage": "{8f4a82b4-e49a-4628-bf0f-43d8069f3997}",
    "encoding": "ASCII",
    "languages": [
        {
            "properties": {
                "__categories": [
                ],
                "__groups": [
                ],
                "enabled": {
                    "enabled": true,
                    "type": "boolean",
                    "value": true,
                    "visible": true
                },
                "id": {
                    "enabled": true,
                    "type": "uuid",
                    "value": "{8f4a82b4-e49a-4628-bf0f-43d8069f3997}",
                    "visible": true
                },
                "name": {
                    "enabled": true,
                    "type": "text",
                    "value": "Default",
                    "visible": true
                }
            }
        }
    ],
    "paths": [
    ],
    "strings": [
        {
            "properties": {
                "__categories": [
                ],
                "__groups": [
                ],
                "description": {
                    "enabled": true,
                    "type": "text",
                    "value": "",
                    "visible": true
                },
                "id": {
                    "enabled": true,
                    "type": "uuid",
                    "value": "{2389d218-f54f-4c04-9b12-b044cc7b5525}",
                    "visible": true
                },
                "name": {
                    "enabled": true,
                    "type": "text",
                    "value": "Smart",
                    "visible": true
                },
                "path": {
                    "enabled": true,
                    "type": "text",
                    "value": "/",
                    "visible": true
                }
            },
            "values": [
                {
                    "language": "{8f4a82b4-e49a-4628-bf0f-43d8069f3997}",
                    "value": "Smart."
                }
            ]
        },
        {
            "properties": {
                "__categories": [
                ],
                "__groups": [
                ],
                "description": {
                    "enabled": true,
                    "type": "text",
                    "value": "",
                    "visible": true
                },
                "id": {
                    "enabled": true,
                    "type": "uuid",
                    "value": "{98c7602c-6d1b-4a30-bad7-824410451118}",
                    "visible": true
                },
                "name": {
                    "enabled": true,
                    "type": "text",
                    "value": "Easy",
                    "visible": true
                },
                "path": {
                    "enabled": true,
                    "type": "text",
                    "value": "/",
                    "visible": true
                }
            },
            "values": [
                {
                    "language": "{8f4a82b4-e49a-4628-bf0f-43d8069f3997}",
                    "value": "Easy."
                }
            ]
        },
        {
            "properties": {
                "__categories": [
                ],
                "__groups": [
                ],
                "description": {
                    "enabled": true,
                    "type": "text",
                    "value": "",
                    "visible": true
                },
                "id": {
                    "enabled": true,
                    "type": "uuid",
                    "value": "{a274b812-aa0d-4d2f-a863-1aa0479430d1}",
                    "visible": true
                },
                "name": {
                    "enabled": true,
                    "type": "text",
                    "value": "Fast",
                    "visible": true
                },
                "path": {
                    "enabled": true,
                    "type": "text",
                    "value": "/",
                    "visible": true
                }
            },
            "values": [
                {
                    "language": "{8f4a82b4-e49a-4628-bf0f-43d8069f3997}",
                    "value": "Fast."
                }
            ]
        }
    ]
}
